TV LED,1290.99,1
Video Game Chair,350.50,3
iPhone X,900.00,2
Samsung Galaxy 9,850.00,2TV LED, $1290.99
Video Game Chair, $1051.50
iPhone X, $1800.00
Samsung Galaxy 9, $1700.00
TV LED, $1290.99
Video Game Chair, $1051.50
iPhone X, $1800.00
TV LED, $1290.99
Video Game Chair, $1051.50
iPhone X, $1800.00
TV LED, $1290.99
Video Game Chair, $1051.50
iPhone X, $1800.00
TV LED, $1290.99
Video Game Chair, $1051.50
iPhone X, $1800.00
TV LED, $1290.99
Video Game Chair, $1051.50
iPhone X, $1800.00
TV LED, $1290.99
Video Game Chair, $1051.50
iPhone X, $1800.00
TV LED, $1290.99
Video Game Chair, $1051.50
iPhone X, $1800.00
